aptamer,count,motif
MBE1a,0,CAG
MBE1a,2,CUG
MBE1a,0,CAGG
MBE1a,0,CUGG
MBE2a,0,CAG
MBE2a,2,CUG
MBE2a,0,CAGG
MBE2a,1,CUGG
MBE3a,0,CAG
MBE3a,1,CUG
MBE3a,0,CAGG
MBE3a,0,CUGG
MBE4a,0,CAG
MBE4a,1,CUG
MBE4a,0,CAGG
MBE4a,0,CUGG
MBE5a,0,CAG
MBE5a,2,CUG
MBE5a,0,CAGG
MBE5a,1,CUGG
MBE6a,0,CAG
MBE6a,2,CUG
MBE6a,0,CAGG
MBE6a,0,CUGG
MBE7a,0,CAG
MBE7a,3,CUG
MBE7a,0,CAGG
MBE7a,1,CUGG
MBE8a,0,CAG
MBE8a,1,CUG
MBE8a,0,CAGG
MBE8a,0,CUGG
MBE9a,0,CAG
MBE9a,2,CUG
MBE9a,0,CAGG
MBE9a,1,CUGG
MBE10a,0,CAG
MBE10a,3,CUG
MBE10a,0,CAGG
MBE10a,1,CUGG
MBE11a,0,CAG
MBE11a,3,CUG
MBE11a,0,CAGG
MBE11a,1,CUGG
MBE12a,0,CAG
MBE12a,3,CUG
MBE12a,0,CAGG
MBE12a,1,CUGG
MBE13a,0,CAG
MBE13a,0,CUG
MBE13a,0,CAGG
MBE13a,0,CUGG
MBE14a,1,CAG
MBE14a,2,CUG
MBE14a,0,CAGG
MBE14a,0,CUGG
MBE15a,0,CAG
MBE15a,1,CUG
MBE15a,0,CAGG
MBE15a,1,CUGG
MBE17a,0,CAG
MBE17a,3,CUG
MBE17a,0,CAGG
MBE17a,1,CUGG
MBE19a,0,CAG
MBE19a,2,CUG
MBE19a,0,CAGG
MBE19a,0,CUGG
MBE20a,0,CAG
MBE20a,2,CUG
MBE20a,0,CAGG
MBE20a,1,CUGG
MBE21a,0,CAG
MBE21a,2,CUG
MBE21a,0,CAGG
MBE21a,1,CUGG
MBE22a,0,CAG
MBE22a,1,CUG
MBE22a,0,CAGG
MBE22a,0,CUGG
MBE23a,0,CAG
MBE23a,2,CUG
MBE23a,0,CAGG
MBE23a,0,CUGG
MBE24a,0,CAG
MBE24a,1,CUG
MBE24a,0,CAGG
MBE24a,1,CUGG
MBE25a,0,CAG
MBE25a,1,CUG
MBE25a,0,CAGG
MBE25a,0,CUGG
MBE26a,0,CAG
MBE26a,3,CUG
MBE26a,0,CAGG
MBE26a,1,CUGG
MBE27a,0,CAG
MBE27a,1,CUG
MBE27a,0,CAGG
MBE27a,0,CUGG
MBE28a,0,CAG
MBE28a,2,CUG
MBE28a,0,CAGG
MBE28a,1,CUGG
MBE29a,0,CAG
MBE29a,1,CUG
MBE29a,0,CAGG
MBE29a,0,CUGG
MBE30a,0,CAG
MBE30a,1,CUG
MBE30a,0,CAGG
MBE30a,0,CUGG
MBE31a,0,CAG
MBE31a,4,CUG
MBE31a,0,CAGG
MBE31a,1,CUGG
MBE32a,0,CAG
MBE32a,3,CUG
MBE32a,0,CAGG
MBE32a,0,CUGG
MBE33a,0,CAG
MBE33a,1,CUG
MBE33a,0,CAGG
MBE33a,0,CUGG
MBE34a,0,CAG
MBE34a,1,CUG
MBE34a,0,CAGG
MBE34a,0,CUGG
MBE35a,0,CAG
MBE35a,2,CUG
MBE35a,0,CAGG
MBE35a,1,CUGG
MBE36a,1,CAG
MBE36a,2,CUG
MBE36a,0,CAGG
MBE36a,0,CUGG
MBE37a,0,CAG
MBE37a,1,CUG
MBE37a,0,CAGG
MBE37a,0,CUGG
MBE38a,0,CAG
MBE38a,2,CUG
MBE38a,0,CAGG
MBE38a,0,CUGG
MBE39a,0,CAG
MBE39a,3,CUG
MBE39a,0,CAGG
MBE39a,1,CUGG
MBE40a,0,CAG
MBE40a,3,CUG
MBE40a,0,CAGG
MBE40a,1,CUGG
MBE41a,0,CAG
MBE41a,0,CUG
MBE41a,0,CAGG
MBE41a,0,CUGG
MBE42a,0,CAG
MBE42a,2,CUG
MBE42a,0,CAGG
MBE42a,1,CUGG
MBE43a,1,CAG
MBE43a,2,CUG
MBE43a,0,CAGG
MBE43a,0,CUGG
MBE44a,0,CAG
MBE44a,0,CUG
MBE44a,0,CAGG
MBE44a,0,CUGG
MBE45a,0,CAG
MBE45a,1,CUG
MBE45a,0,CAGG
MBE45a,1,CUGG
MBE46a,0,CAG
MBE46a,3,CUG
MBE46a,0,CAGG
MBE46a,1,CUGG
MBE47a,0,CAG
MBE47a,3,CUG
MBE47a,0,CAGG
MBE47a,1,CUGG
MBE48a,0,CAG
MBE48a,3,CUG
MBE48a,0,CAGG
MBE48a,1,CUGG
MBE49a,0,CAG
MBE49a,0,CUG
MBE49a,0,CAGG
MBE49a,0,CUGG
MBE50a,0,CAG
MBE50a,2,CUG
MBE50a,0,CAGG
MBE50a,0,CUGG
MBE51a,0,CAG
MBE51a,2,CUG
MBE51a,0,CAGG
MBE51a,1,CUGG
MBE52a,0,CAG
MBE52a,2,CUG
MBE52a,0,CAGG
MBE52a,0,CUGG
MBE53a,0,CAG
MBE53a,1,CUG
MBE53a,0,CAGG
MBE53a,0,CUGG
MBE54a,0,CAG
MBE54a,2,CUG
MBE54a,0,CAGG
MBE54a,0,CUGG
MBE55a,0,CAG
MBE55a,3,CUG
MBE55a,0,CAGG
MBE55a,1,CUGG
MBE57a,0,CAG
MBE57a,1,CUG
MBE57a,0,CAGG
MBE57a,0,CUGG
MBE59a,1,CAG
MBE59a,2,CUG
MBE59a,0,CAGG
MBE59a,1,CUGG
MBE62a,1,CAG
MBE62a,1,CUG
MBE62a,0,CAGG
MBE62a,0,CUGG
MBE63a,0,CAG
MBE63a,1,CUG
MBE63a,0,CAGG
MBE63a,0,CUGG
MBE64a,0,CAG
MBE64a,2,CUG
MBE64a,0,CAGG
MBE64a,0,CUGG
MBE65a,0,CAG
MBE65a,3,CUG
MBE65a,0,CAGG
MBE65a,1,CUGG
MBE68a,0,CAG
MBE68a,1,CUG
MBE68a,0,CAGG
MBE68a,0,CUGG
MBE70a,0,CAG
MBE70a,1,CUG
MBE70a,0,CAGG
MBE70a,0,CUGG
MBE71a,0,CAG
MBE71a,1,CUG
MBE71a,0,CAGG
MBE71a,0,CUGG
MBE72a,0,CAG
MBE72a,2,CUG
MBE72a,0,CAGG
MBE72a,1,CUGG